[
  {
    "time": 1768852849.3561716,
    "ip": "127.0.0.1",
    "event": "Admin account created"
  },
  {
    "time": 1768852867.2206538,
    "ip": "127.0.0.1",
    "event": "Login OK: admin"
  },
  {
    "time": 1768852882.387142,
    "ip": "127.0.0.1",
    "event": "Admin approved IP 127.0.0.1"
  },
  {
    "time": 1768852889.442872,
    "ip": "127.0.0.1",
    "event": "IP 127.0.0.1 added to whitelist"
  },
  {
    "time": 1768852911.4818084,
    "ip": "127.0.0.1",
    "event": "ARM executed by admin"
  },
  {
    "time": 1768852913.8679593,
    "ip": "127.0.0.1",
    "event": "DISARM executed by admin"
  },
  {
    "time": 1768852952.3735437,
    "ip": "127.0.0.1",
    "event": "Login OK: admin"
  },
  {
    "time": 1768853852.0540824,
    "ip": "127.0.0.1",
    "event": "Login OK: admin"
  },
  {
    "time": 1768853949.0346875,
    "ip": "127.0.0.1",
    "event": "Admin added user 13zooboy13@gmail.com"
  },
  {
    "time": 1768853993.6240335,
    "ip": "127.0.0.1",
    "event": "Login OK: 13zooboy131768853949"
  },
  {
    "time": 1768854015.7791822,
    "ip": "127.0.0.1",
    "event": "ARM executed by 13zooboy131768853949"
  },
  {
    "time": 1768854018.4871092,
    "ip": "127.0.0.1",
    "event": "DISARM executed by 13zooboy131768853949"
  },
  {
    "time": 1768854020.7316892,
    "ip": "127.0.0.1",
    "event": "DISARM executed by 13zooboy131768853949"
  }
]